nazwa,temperatura,odczuwalna,wilgotnosc,cisnienie,predkosc wiatru,wschod slonca,zachod slonca,opis pogody,timestamp
Warsaw,-1.77,-1.87,98,1008,3.1,07:54:54,15:27:57,mist,"01/01/2026, 00:00:00"
Warsaw,-11.05,-11.92,83,1010,2.7,07:54:38,15:28:42,overcast clouds,"02/01/2026, 01:22:07"
Warsaw,0.99,-0.92,73,1022,2.6,07:54:38,15:28:42,snow,"02/01/2026, 17:07:28"
Warsaw,8.09,7.98,59,1023,2.0,07:54:20,15:29:31,snow,"03/01/2026, 09:27:27"
Warsaw,-11.31,-12.18,80,1030,1.7,07:54:00,15:30:21,overcast clouds,"04/01/2026, 04:23:09"
Warsaw,-1.55,-1.20,72,999,0.6,07:54:00,15:30:21,broken clouds,"04/01/2026, 20:44:08"
Warsaw,-9.87,-11.78,60,1003,3.3,07:53:37,15:31:14,broken clouds,"05/01/2026, 16:45:48"
Warsaw,-8.47,-10.00,61,1000,5.6,07:53:13,15:32:10,scattered clouds,"06/01/2026, 02:42:16"
Warsaw,-10.67,-12.31,97,1005,3.9,07:52:46,15:33:07,broken clouds,"07/01/2026, 01:56:36"
Warsaw,-0.70,-2.15,71,1017,3.1,07:52:46,15:33:07,mist,"07/01/2026, 14:35:10"
Warsaw,-3.21,-5.02,95,1016,5.1,07:52:16,15:34:07,broken clouds,"08/01/2026, 12:00:15"
Warsaw,-7.50,-8.44,98,998,4.6,07:51:45,15:35:10,mist,"09/01/2026, 08:30:20"
Warsaw,-1.27,-1.03,70,1032,2.0,07:51:11,15:36:15,broken clouds,"10/01/2026, 00:15:22"
Warsaw,1.17,-1.44,71,1019,8.1,07:51:11,15:36:15,overcast clouds,"10/01/2026, 12:41:58"
Warsaw,-8.29,-9.21,88,1010,4.6,07:50:35,15:37:22,mist,"11/01/2026, 06:43:48"
Warsaw,-3.74,-4.55,86,1024,4.1,07:50:35,15:37:22,snow,"11/01/2026, 17:59:25"
Warsaw,-7.05,-9.47,87,992,5.9,07:49:56,15:38:31,light snow,"12/01/2026, 20:01:54"
Warsaw,-3.90,-5.71,91,1011,5.4,07:49:16,15:39:42,mist,"13/01/2026, 09:56:49"
Warsaw,-6.05,-5.84,79,1022,0.2,07:48:33,15:40:56,light snow,"14/01/2026, 01:58:39"
Warsaw,-12.42,-13.99,90,1020,3.3,07:47:48,15:42:12,overcast clouds,"15/01/2026, 01:32:55"
Warsaw,-7.37,-7.90,81,1018,5.1,07:47:48,15:42:12,light snow,"15/01/2026, 07:38:37"
Warsaw,-8.76,-9.76,98,1007,4.4,07:47:01,15:43:30,scattered clouds,"16/01/2026, 05:16:59"
Warsaw,0.65,-0.26,84,1025,4.3,07:47:01,15:43:30,scattered clouds,"16/01/2026, 20:48:09"
Warsaw,-4.01,-5.25,79,1010,3.7,07:46:11,15:44:50,broken clouds,"17/01/2026, 18:16:48"
Warsaw,-1.97,-2.11,70,1018,2.4,07:45:20,15:46:13,snow,"18/01/2026, 09:30:03"
Warsaw,-5.92,-5.79,83,1005,0.8,07:44:26,15:47:37,snow,"19/01/2026, 04:09:08"
Warsaw,0.28,-0.94,83,998,5.9,07:43:31,15:49:04,overcast clouds,"20/01/2026, 08:56:26"
Warsaw,-9.86,-10.92,95,1021,1.3,07:42:33,15:50:33,overcast clouds,"21/01/2026, 00:40:37"
Warsaw,-5.63,-7.46,84,1007,5.9,07:42:33,15:50:33,broken clouds,"21/01/2026, 15:26:45"
Warsaw,-10.00,-9.59,80,1024,1.5,07:41:33,15:52:04,overcast clouds,"22/01/2026, 03:42:11"
Warsaw,-10.42,-11.21,85,1008,1.2,07:40:31,15:53:36,snow,"23/01/2026, 03:49:17"
Warsaw,-6.80,-7.38,90,1022,3.3,07:40:31,15:53:36,snow,"23/01/2026, 10:31:29"
Warsaw,-1.08,-3.33,90,1023,4.0,07:39:27,15:55:11,snow,"24/01/2026, 14:45:51"
Warsaw,-10.58,-11.95,77,998,1.9,07:38:21,15:56:48,snow,"25/01/2026, 06:08:36"
Warsaw,-9.34,-12.20,92,1019,4.9,07:38:21,15:56:48,snow,"25/01/2026, 19:30:54"
Warsaw,-3.29,-3.76,93,1012,2.1,07:37:13,15:58:26,scattered clouds,"26/01/2026, 18:44:35"
Warsaw,3.78,2.48,87,1024,3.0,07:36:02,16:00:07,broken clouds,"27/01/2026, 10:17:48"
Warsaw,0.35,-1.70,89,1016,9.3,07:34:50,16:01:49,overcast clouds,"28/01/2026, 03:44:55"
Warsaw,-10.53,-10.39,83,1022,1.2,07:34:50,16:01:49,mist,"28/01/2026, 15:39:01"
Warsaw,1.01,0.58,62,1014,2.3,07:33:36,16:03:33,scattered clouds,"29/01/2026, 12:28:23"
Warsaw,-1.70,-3.67,92,1015,2.6,07:32:20,16:05:19,light snow,"30/01/2026, 11:08:31"
Warsaw,2.00,1.46,72,1024,1.5,07:32:20,16:05:19,snow,"30/01/2026, 18:38:45"
Warsaw,-3.53,-3.44,80,1012,2.3,07:31:02,16:07:07,light snow,"31/01/2026, 19:59:25"
Warsaw,-4.18,-4.99,72,994,7.1,07:29:43,16:08:57,light snow,"01/02/2026, 19:47:19"
Warsaw,-5.72,-8.10,74,1005,5.3,07:28:21,16:10:48,broken clouds,"02/02/2026, 04:47:24"
Warsaw,-5.24,-6.93,78,1031,3.1,07:28:21,16:10:48,broken clouds,"02/02/2026, 23:10:57"
Warsaw,-6.04,-6.22,71,1024,3.3,07:26:58,16:12:41,overcast clouds,"03/02/2026, 21:22:08"
Warsaw,0.89,0.23,69,1022,3.3,07:25:32,16:14:35,broken clouds,"04/02/2026, 08:00:18"
Warsaw,-7.36,-7.99,88,1017,0.2,07:24:05,16:16:31,snow,"05/02/2026, 11:30:23"
Warsaw,2.11,1.00,71,1020,3.2,07:24:05,16:16:31,snow,"05/02/2026, 13:59:38"
Warsaw,1.16,-1.07,91,1014,6.4,07:22:36,16:18:29,broken clouds,"06/02/2026, 16:53:43"
Warsaw,-5.44,-6.64,84,1015,5.3,07:21:06,16:20:28,overcast clouds,"07/02/2026, 05:05:11"
Warsaw,-4.90,-5.39,84,1011,1.0,07:19:34,16:22:29,broken clouds,"08/02/2026, 09:34:52"
Warsaw,3.04,0.91,74,1024,5.7,07:19:34,16:22:29,mist,"08/02/2026, 17:33:20"
Warsaw,-3.27,-5.02,85,1011,2.5,07:18:00,16:24:31,scattered clouds,"09/02/2026, 12:37:52"
Warsaw,-1.84,-2.86,82,1030,3.4,07:16:24,16:26:35,snow,"10/02/2026, 12:30:28"
Warsaw,-5.13,-5.65,73,1013,5.3,07:16:24,16:26:35,mist,"10/02/2026, 23:53:52"
Warsaw,-6.97,-9.09,94,1027,4.4,07:14:47,16:28:40,snow,"11/02/2026, 20:58:39"
Warsaw,-3.06,-3.91,68,1018,3.2,07:13:08,16:30:46,snow,"12/02/2026, 16:05:37"
Warsaw,-9.68,-10.21,77,1021,4.8,07:13:08,16:30:46,light snow,"12/02/2026, 23:05:22"
Warsaw,-4.89,-6.12,69,1008,2.5,07:11:28,16:32:54,snow,"13/02/2026, 23:27:58"
Warsaw,-0.11,-1.28,58,1028,2.1,07:09:46,16:35:03,scattered clouds,"14/02/2026, 20:12:48"
Warsaw,-2.52,-3.01,94,1007,5.0,07:08:02,16:37:13,snow,"15/02/2026, 16:38:27"
Warsaw,-4.13,-5.49,73,1015,2.7,07:08:02,16:37:13,mist,"15/02/2026, 22:19:55"
Warsaw,-3.37,-4.19,68,995,1.4,07:06:17,16:39:25,mist,"16/02/2026, 21:31:39"
Warsaw,2.67,1.14,73,1010,3.3,07:04:31,16:41:37,overcast clouds,"17/02/2026, 21:22:34"
Warsaw,3.94,3.10,79,1026,3.1,07:02:43,16:43:51,mist,"18/02/2026, 01:47:35"
Warsaw,-4.07,-4.21,79,1012,3.0,07:00:54,16:46:06,light snow,"19/02/2026, 08:55:09"
Warsaw,-11.02,-12.77,82,1020,4.3,06:59:04,16:48:22,snow,"20/02/2026, 01:59:48"
Warsaw,0.39,-0.90,78,1016,3.4,06:59:04,16:48:22,mist,"20/02/2026, 11:20:50"
Warsaw,-11.55,-11.97,83,1025,3.6,06:57:12,16:50:39,scattered clouds,"21/02/2026, 03:14:44"
Warsaw,-10.13,-11.09,78,1010,3.9,06:55:19,16:52:57,broken clouds,"22/02/2026, 07:08:20"
Warsaw,-10.35,-12.34,84,1016,4.0,06:53:24,16:55:15,snow,"23/02/2026, 00:36:24"
Warsaw,-3.11,-4.17,84,1009,3.2,06:53:24,16:55:15,mist,"23/02/2026, 18:05:17"
Warsaw,-9.62,-10.70,68,1012,3.7,06:51:29,16:57:35,mist,"24/02/2026, 02:18:08"
Warsaw,8.45,7.29,64,1022,4.6,06:51:29,16:57:35,broken clouds,"24/02/2026, 17:13:42"
Warsaw,-9.58,-9.80,85,1009,2.3,06:49:32,16:59:56,overcast clouds,"25/02/2026, 12:20:56"
Warsaw,-9.68,-9.21,98,1028,2.8,06:47:34,17:02:17,scattered clouds,"26/02/2026, 01:02:26"
Warsaw,-0.85,-3.09,79,1000,6.1,06:45:35,17:04:39,broken clouds,"27/02/2026, 04:26:23"
Warsaw,3.73,4.16,73,1025,0.3,06:45:35,17:04:39,mist,"27/02/2026, 11:10:27"
Warsaw,2.57,0.53,72,1014,5.4,06:43:35,17:07:02,scattered clouds,"28/02/2026, 09:21:51"
Warsaw,3.71,2.07,77,1016,5.8,06:41:34,17:09:25,clear sky,"01/03/2026, 06:19:37"
Warsaw,-1.08,-1.28,86,1012,4.9,06:41:34,17:09:25,clear sky,"01/03/2026, 22:25:01"
Warsaw,8.14,8.30,77,1008,3.0,06:39:32,17:11:49,overcast clouds,"02/03/2026, 22:34:20"
Warsaw,6.75,6.03,76,1016,2.1,06:37:29,17:14:14,broken clouds,"03/03/2026, 17:43:41"
Warsaw,-8.17,-9.50,79,1038,3.1,06:37:29,17:14:14,scattered clouds,"03/03/2026, 23:22:16"
Warsaw,7.12,7.28,70,1022,2.3,06:35:25,17:16:39,light rain,"04/03/2026, 18:26:18"
Warsaw,1.53,0.96,80,1015,4.5,06:33:20,17:19:05,clear sky,"05/03/2026, 18:48:48"
Warsaw,-4.79,-5.95,81,1027,2.5,06:31:14,17:21:31,overcast clouds,"06/03/2026, 02:50:42"
Warsaw,2.50,1.44,79,1011,3.7,06:29:07,17:23:58,clear sky,"07/03/2026, 10:31:09"
Warsaw,-0.19,0.57,67,1016,2.0,06:29:07,17:23:58,broken clouds,"07/03/2026, 15:22:26"
Warsaw,-0.66,-0.45,85,1013,5.6,06:27:00,17:26:25,scattered clouds,"08/03/2026, 05:37:18"
Warsaw,11.83,10.56,67,1006,3.0,06:24:52,17:28:52,clear sky,"09/03/2026, 15:11:58"
Warsaw,-1.29,-1.08,77,1004,0.5,06:22:43,17:31:20,overcast clouds,"10/03/2026, 00:02:45"
Warsaw,4.18,5.24,65,1008,1.6,06:22:43,17:31:20,clear sky,"10/03/2026, 15:39:01"
Warsaw,-0.28,-1.71,70,1019,4.1,06:20:33,17:33:47,clear sky,"11/03/2026, 05:17:36"
Warsaw,1.72,1.23,64,1011,3.1,06:20:33,17:33:47,overcast clouds,"11/03/2026, 21:40:03"
Warsaw,-3.95,-5.76,64,1017,4.9,06:18:23,17:36:16,scattered clouds,"12/03/2026, 20:20:09"
Warsaw,3.56,2.17,53,1010,6.8,06:16:12,17:38:44,scattered clouds,"13/03/2026, 15:36:05"
Warsaw,2.66,2.60,64,1021,2.0,06:14:01,17:41:12,scattered clouds,"14/03/2026, 08:43:14"
Warsaw,-8.70,-8.78,83,1012,4.7,06:11:49,17:43:40,broken clouds,"15/03/2026, 07:27:23"
Warsaw,-4.07,-5.46,89,1013,5.9,06:09:37,17:46:09,overcast clouds,"16/03/2026, 04:07:15"
Warsaw,1.35,-1.01,76,1008,7.3,06:09:37,17:46:09,broken clouds,"16/03/2026, 08:08:15"
Warsaw,0.65,0.15,76,1010,2.6,06:07:24,17:48:37,scattered clouds,"17/03/2026, 16:02:37"
Warsaw,-0.51,-1.10,74,1010,3.2,06:07:24,17:48:37,snow,"17/03/2026, 18:10:17"
Warsaw,5.31,5.10,77,1005,4.2,06:05:11,17:51:06,broken clouds,"18/03/2026, 19:58:52"
Warsaw,3.68,2.85,70,1001,2.1,06:02:58,17:53:34,scattered clouds,"19/03/2026, 21:39:44"
Warsaw,3.86,3.72,93,1004,0.6,06:00:44,17:56:02,overcast clouds,"20/03/2026, 02:24:40"
Warsaw,5.11,4.76,81,1014,5.1,05:58:30,17:58:30,light rain,"21/03/2026, 02:29:28"
Warsaw,11.31,12.08,64,1005,0.2,05:58:30,17:58:30,clear sky,"21/03/2026, 14:50:12"
Warsaw,-7.81,-9.09,75,1007,4.5,05:56:15,18:00:57,broken clouds,"22/03/2026, 06:19:25"
Warsaw,0.63,0.50,87,1013,3.1,05:56:15,18:00:57,light rain,"22/03/2026, 21:16:34"
Warsaw,1.74,0.62,82,1018,2.5,05:54:01,18:03:25,clear sky,"23/03/2026, 18:35:00"
Warsaw,12.60,13.23,76,1011,0.2,05:51:46,18:05:52,overcast clouds,"24/03/2026, 16:12:27"
Warsaw,11.43,11.59,79,1020,1.4,05:49:31,18:08:18,light rain,"25/03/2026, 14:47:15"
Warsaw,14.69,14.27,58,1016,3.3,05:47:16,18:10:45,broken clouds,"26/03/2026, 07:05:10"
Warsaw,-2.54,-2.95,76,1024,5.2,05:47:16,18:10:45,snow,"26/03/2026, 23:05:07"
Warsaw,5.94,4.76,89,1017,2.9,05:45:01,18:13:10,clear sky,"27/03/2026, 13:08:24"
Warsaw,-2.47,-2.72,67,1004,1.9,05:42:47,18:15:36,overcast clouds,"28/03/2026, 03:58:34"
Warsaw,-2.97,-4.85,95,1027,4.2,05:40:32,18:18:00,overcast clouds,"29/03/2026, 02:56:54"
Warsaw,7.30,6.87,54,1036,1.8,05:40:32,18:18:00,scattered clouds,"29/03/2026, 20:28:29"
Warsaw,2.06,2.89,90,999,1.1,05:38:17,18:20:24,broken clouds,"30/03/2026, 17:43:32"
Warsaw,6.20,5.51,78,1017,0.4,05:36:02,18:22:48,broken clouds,"31/03/2026, 10:06:19"
Warsaw,2.92,2.31,84,1018,2.3,05:33:48,18:25:11,clear sky,"01/04/2026, 04:48:54"
Warsaw,5.12,3.80,77,1011,5.5,05:33:48,18:25:11,scattered clouds,"01/04/2026, 12:19:38"
Warsaw,7.44,6.59,57,1004,4.0,05:31:33,18:27:33,scattered clouds,"02/04/2026, 06:19:23"
Warsaw,-1.61,-2.59,75,1011,3.1,05:29:19,18:29:54,clear sky,"03/04/2026, 02:52:28"
Warsaw,9.72,8.56,60,1017,4.3,05:29:19,18:29:54,clear sky,"03/04/2026, 17:28:31"
Warsaw,4.63,4.24,58,1016,4.0,05:27:05,18:32:15,clear sky,"04/04/2026, 20:59:18"
Warsaw,3.13,3.42,73,1031,2.6,05:24:52,18:34:35,scattered clouds,"05/04/2026, 02:53:17"
Warsaw,5.48,4.65,79,999,2.5,05:24:52,18:34:35,scattered clouds,"05/04/2026, 22:48:29"
Warsaw,0.16,-0.79,86,1013,6.3,05:20:26,18:39:11,overcast clouds,"07/04/2026, 01:39:49"
Warsaw,11.85,10.94,61,1012,2.0,05:20:26,18:39:11,clear sky,"07/04/2026, 14:31:15"
Warsaw,5.84,3.69,67,1009,4.6,05:18:14,18:41:28,overcast clouds,"08/04/2026, 08:16:33"
Warsaw,6.97,6.33,72,1018,2.5,05:16:02,18:43:44,broken clouds,"09/04/2026, 06:33:26"
Warsaw,6.95,6.53,47,1019,3.2,05:16:02,18:43:44,clear sky,"09/04/2026, 20:40:43"
Warsaw,3.93,3.90,96,993,0.2,05:13:50,18:45:59,light rain,"10/04/2026, 18:08:05"
Warsaw,3.96,3.35,65,1009,3.9,05:11:40,18:48:13,clear sky,"11/04/2026, 09:25:00"
Warsaw,5.26,5.24,79,1008,4.3,05:11:40,18:48:13,scattered clouds,"11/04/2026, 14:59:44"
Warsaw,8.22,7.84,86,1020,1.0,05:09:30,18:50:26,broken clouds,"12/04/2026, 18:36:52"
Warsaw,7.43,5.86,58,1027,4.3,05:07:20,18:52:37,overcast clouds,"13/04/2026, 07:45:59"
Warsaw,7.39,5.92,74,1018,4.6,05:05:11,18:54:48,scattered clouds,"14/04/2026, 11:56:52"
Warsaw,15.67,16.70,64,1005,4.8,05:05:11,18:54:48,overcast clouds,"14/04/2026, 16:40:22"
Warsaw,15.76,16.41,57,1004,4.9,05:03:03,18:56:57,clear sky,"15/04/2026, 07:11:39"
Warsaw,5.28,4.51,55,993,4.3,05:00:56,18:59:04,scattered clouds,"16/04/2026, 06:55:11"
Warsaw,12.97,12.72,73,1010,2.1,05:00:56,18:59:04,scattered clouds,"16/04/2026, 19:59:03"
Warsaw,10.71,8.82,79,1035,4.3,04:58:49,19:01:11,broken clouds,"17/04/2026, 20:52:34"
Warsaw,13.52,13.26,59,1018,4.3,04:56:43,19:03:16,clear sky,"18/04/2026, 14:46:52"
Warsaw,14.56,15.19,79,1014,3.1,04:54:38,19:05:20,broken clouds,"19/04/2026, 00:32:47"
Warsaw,9.55,8.57,82,1015,3.1,04:52:34,19:07:22,broken clouds,"20/04/2026, 01:58:45"
Warsaw,9.38,9.26,74,1019,0.5,04:52:34,19:07:22,light rain,"20/04/2026, 23:51:21"
Warsaw,13.41,13.58,73,1011,4.2,04:50:31,19:09:23,overcast clouds,"21/04/2026, 18:12:29"
Warsaw,9.36,9.39,83,1017,0.9,04:48:29,19:11:22,light rain,"22/04/2026, 01:01:54"
Warsaw,5.89,5.18,75,1012,5.2,04:46:28,19:13:20,scattered clouds,"23/04/2026, 05:36:52"
Warsaw,12.93,12.87,58,1019,6.4,04:46:28,19:13:20,scattered clouds,"23/04/2026, 13:48:19"
Warsaw,9.76,8.44,78,1002,0.6,04:44:28,19:15:16,scattered clouds,"24/04/2026, 03:21:19"
Warsaw,19.64,19.02,72,1019,4.4,04:44:28,19:15:16,light rain,"24/04/2026, 18:56:01"
Warsaw,11.05,9.84,58,1000,5.0,04:42:29,19:17:11,clear sky,"25/04/2026, 19:11:29"
Warsaw,8.18,6.53,64,1012,5.2,04:40:31,19:19:04,clear sky,"26/04/2026, 07:23:07"
Warsaw,5.63,4.68,62,994,6.1,04:38:34,19:20:55,scattered clouds,"27/04/2026, 01:56:25"
Warsaw,15.82,16.79,81,1027,2.4,04:38:34,19:20:55,light rain,"27/04/2026, 18:19:12"
Warsaw,6.74,5.68,79,1023,4.0,04:36:38,19:22:45,scattered clouds,"28/04/2026, 13:37:48"
Warsaw,14.68,14.99,76,1031,3.4,04:34:44,19:24:33,broken clouds,"29/04/2026, 06:58:26"
Warsaw,9.73,8.09,62,1018,3.8,04:32:51,19:26:19,broken clouds,"30/04/2026, 06:40:17"
Warsaw,18.83,17.99,50,1004,1.0,04:32:51,19:26:19,clear sky,"30/04/2026, 17:27:40"
Warsaw,11.53,9.63,68,1025,5.0,04:30:59,19:28:03,light rain,"01/05/2026, 17:24:55"
Warsaw,10.11,9.64,63,1015,2.7,04:29:08,19:29:46,overcast clouds,"02/05/2026, 05:03:05"
Warsaw,4.26,3.45,81,1022,0.2,04:27:19,19:31:27,light rain,"03/05/2026, 09:12:04"
Warsaw,14.16,14.70,52,1017,7.3,04:27:19,19:31:27,overcast clouds,"03/05/2026, 15:55:32"
Warsaw,12.34,11.88,72,1011,3.5,04:25:31,19:33:05,scattered clouds,"04/05/2026, 23:16:35"
Warsaw,15.24,15.37,58,1010,5.3,04:23:45,19:34:42,light rain,"05/05/2026, 17:17:15"
Warsaw,20.01,20.69,55,1012,5.7,04:23:45,19:34:42,clear sky,"05/05/2026, 18:38:43"
Warsaw,12.46,12.46,60,1011,3.8,04:20:17,19:37:50,clear sky,"07/05/2026, 04:17:28"
Warsaw,13.22,13.25,75,1025,2.0,04:20:17,19:37:50,scattered clouds,"07/05/2026, 07:41:25"
Warsaw,12.28,12.48,66,1018,3.7,04:18:35,19:39:21,scattered clouds,"08/05/2026, 00:31:21"
Warsaw,14.65,14.26,71,1005,6.5,04:18:35,19:39:21,broken clouds,"08/05/2026, 19:37:28"
Warsaw,17.10,16.41,53,1012,3.9,04:16:54,19:40:50,scattered clouds,"09/05/2026, 11:05:25"
Warsaw,17.80,18.22,47,1011,6.0,04:15:15,19:42:16,scattered clouds,"10/05/2026, 17:00:40"
Warsaw,17.35,17.06,67,1013,4.2,04:15:15,19:42:16,scattered clouds,"10/05/2026, 22:48:45"
Warsaw,22.64,22.37,70,1031,1.6,04:13:38,19:43:41,clear sky,"11/05/2026, 14:41:02"
Warsaw,12.30,12.56,68,1016,6.3,04:12:02,19:45:04,clear sky,"12/05/2026, 11:17:09"
Warsaw,10.46,8.65,73,1000,4.6,04:10:28,19:46:24,clear sky,"13/05/2026, 03:01:14"
Warsaw,16.78,17.17,72,1026,1.5,04:10:28,19:46:24,overcast clouds,"13/05/2026, 19:57:08"
Warsaw,22.56,22.68,56,1018,4.7,04:08:56,19:47:42,clear sky,"14/05/2026, 15:23:02"
Warsaw,19.60,20.12,76,1025,5.3,04:07:26,19:48:59,scattered clouds,"15/05/2026, 09:40:50"
Warsaw,12.01,11.54,70,1017,5.5,04:05:57,19:50:12,overcast clouds,"16/05/2026, 09:13:42"
Warsaw,4.41,1.73,76,1010,6.5,04:04:30,19:51:24,overcast clouds,"17/05/2026, 03:18:28"
Warsaw,18.54,19.50,73,1013,3.0,04:04:30,19:51:24,broken clouds,"17/05/2026, 15:46:11"
Warsaw,25.03,27.68,74,1013,1.6,04:03:04,19:52:34,clear sky,"18/05/2026, 12:29:07"
Warsaw,19.46,19.60,62,1027,2.8,04:01:41,19:53:41,overcast clouds,"19/05/2026, 10:46:05"
Warsaw,15.19,15.39,76,1024,1.1,04:01:41,19:53:41,light rain,"19/05/2026, 20:28:48"
Warsaw,20.96,20.83,58,1013,0.2,04:00:19,19:54:46,overcast clouds,"20/05/2026, 13:26:43"
Warsaw,33.06,35.33,73,1031,6.1,03:58:59,19:55:48,scattered clouds,"21/05/2026, 13:37:15"
Warsaw,11.74,10.20,84,1017,6.5,03:57:41,19:56:48,broken clouds,"22/05/2026, 05:15:30"
Warsaw,20.37,22.04,70,1007,5.8,03:57:41,19:56:48,clear sky,"22/05/2026, 18:03:23"
Warsaw,10.35,8.28,78,1009,5.0,03:55:11,19:58:42,broken clouds,"24/05/2026, 00:07:37"
Warsaw,9.51,9.46,73,1019,2.5,03:55:11,19:58:42,clear sky,"24/05/2026, 04:32:59"
Warsaw,16.69,16.66,74,1027,5.3,03:55:11,19:58:42,clear sky,"24/05/2026, 19:22:33"
Warsaw,16.41,16.51,68,996,5.7,03:53:59,19:59:35,broken clouds,"25/05/2026, 22:07:58"
Warsaw,19.04,19.17,35,1019,3.2,03:52:49,20:00:26,clear sky,"26/05/2026, 16:35:03"
Warsaw,20.46,21.10,74,1019,2.4,03:51:41,20:01:14,light rain,"27/05/2026, 01:48:03"
Warsaw,22.93,22.88,67,1011,2.6,03:51:41,20:01:14,overcast clouds,"27/05/2026, 23:50:17"
Warsaw,15.98,17.28,67,1022,2.3,03:50:35,20:02:00,scattered clouds,"28/05/2026, 23:41:56"
Warsaw,19.32,19.29,62,1014,4.6,03:49:31,20:02:44,scattered clouds,"29/05/2026, 07:52:36"
Warsaw,19.98,19.56,62,1018,2.4,03:49:31,20:02:44,scattered clouds,"29/05/2026, 23:32:06"
Warsaw,20.66,20.61,67,999,4.6,03:48:28,20:03:25,scattered clouds,"30/05/2026, 15:43:23"
Warsaw,22.33,23.20,59,1008,4.4,03:47:28,20:04:03,overcast clouds,"31/05/2026, 15:45:00"
Warsaw,19.04,18.90,40,1003,4.9,03:46:31,20:04:39,clear sky,"01/06/2026, 14:07:58"
Warsaw,10.74,8.88,67,1022,6.7,03:45:35,20:05:13,few clouds,"02/06/2026, 05:12:46"
Warsaw,14.61,14.11,69,1024,2.5,03:45:35,20:05:13,few clouds,"02/06/2026, 21:09:52"
Warsaw,17.32,18.31,58,1018,2.0,03:44:41,20:05:44,clear sky,"03/06/2026, 21:53:38"
Warsaw,17.78,17.87,66,1012,3.4,03:43:50,20:06:13,moderate rain,"04/06/2026, 07:46:55"
Warsaw,21.51,21.58,57,1020,3.9,03:43:00,20:06:39,light rain,"05/06/2026, 06:04:28"
Warsaw,24.13,26.16,49,1029,4.9,03:43:00,20:06:39,moderate rain,"05/06/2026, 16:38:52"
Warsaw,19.45,19.93,56,1029,6.9,03:42:13,20:07:03,clear sky,"06/06/2026, 17:05:52"
Warsaw,16.09,16.54,85,1020,3.9,03:41:28,20:07:24,thunderstorm,"07/06/2026, 08:47:28"
Warsaw,17.67,17.56,61,1016,5.3,03:41:28,20:07:24,light rain,"07/06/2026, 16:24:34"
Warsaw,11.58,10.94,51,1009,1.9,03:40:05,20:07:58,few clouds,"09/06/2026, 01:38:33"
Warsaw,12.63,13.44,61,1010,3.4,03:40:05,20:07:58,light rain,"09/06/2026, 04:38:30"
Warsaw,14.61,14.20,68,1005,6.0,03:40:05,20:07:58,thunderstorm,"09/06/2026, 22:41:08"
Warsaw,22.92,21.49,60,1015,0.7,03:39:26,20:08:12,thunderstorm,"10/06/2026, 14:08:37"
Warsaw,19.35,21.02,62,1003,5.9,03:38:50,20:08:23,moderate rain,"11/06/2026, 21:19:54"
Warsaw,9.81,8.30,81,1028,7.0,03:38:16,20:08:31,light rain,"12/06/2026, 05:17:47"
Warsaw,24.67,27.06,51,1017,4.2,03:37:44,20:08:37,light rain,"13/06/2026, 03:15:21"
Warsaw,15.27,15.48,62,1027,4.1,03:37:15,20:08:40,scattered clouds,"14/06/2026, 04:18:08"
Warsaw,20.58,20.78,35,1010,5.0,03:37:15,20:08:40,scattered clouds,"14/06/2026, 15:22:39"
Warsaw,22.21,23.08,62,1007,2.7,03:36:48,20:08:41,thunderstorm,"15/06/2026, 04:31:51"
Warsaw,21.06,20.59,59,1021,4.7,03:36:23,20:08:39,clear sky,"16/06/2026, 05:33:01"
Warsaw,23.78,24.02,65,1009,3.6,03:36:23,20:08:39,thunderstorm,"16/06/2026, 18:07:06"
Warsaw,17.56,17.33,76,1010,5.8,03:36:00,20:08:35,few clouds,"17/06/2026, 05:04:54"
Warsaw,20.19,20.29,56,1024,5.3,03:36:00,20:08:35,thunderstorm,"17/06/2026, 23:11:48"
Warsaw,19.43,18.53,72,1018,3.0,03:35:22,20:08:18,thunderstorm,"19/06/2026, 03:27:07"
Warsaw,24.30,26.52,55,1025,3.8,03:35:22,20:08:18,moderate rain,"19/06/2026, 17:07:07"
Warsaw,19.53,18.19,56,1012,2.9,03:35:07,20:08:06,clear sky,"20/06/2026, 15:44:18"
Warsaw,21.51,21.80,71,1007,2.3,03:34:53,20:07:52,few clouds,"21/06/2026, 10:34:01"
Warsaw,23.10,22.95,62,1014,3.5,03:34:53,20:07:52,thunderstorm,"21/06/2026, 16:18:52"
Warsaw,15.20,15.45,51,1003,3.5,03:34:42,20:07:35,light rain,"22/06/2026, 13:57:50"
Warsaw,9.06,6.65,73,1008,4.6,03:34:33,20:07:15,scattered clouds,"23/06/2026, 03:31:39"
Warsaw,15.44,14.92,89,1013,4.9,03:34:27,20:06:53,moderate rain,"24/06/2026, 03:23:16"
Warsaw,28.55,31.98,57,1009,4.8,03:34:27,20:06:53,clear sky,"24/06/2026, 16:28:20"
Warsaw,27.93,30.27,40,1000,4.8,03:34:23,20:06:28,scattered clouds,"25/06/2026, 10:55:27"
Warsaw,21.69,21.73,54,1007,4.1,03:34:21,20:06:01,thunderstorm,"26/06/2026, 06:42:57"
Warsaw,19.46,18.20,65,1010,1.6,03:34:22,20:05:31,scattered clouds,"27/06/2026, 05:01:47"
Warsaw,23.04,23.01,80,1005,2.6,03:34:22,20:05:31,scattered clouds,"27/06/2026, 14:10:58"
Warsaw,19.43,19.42,75,997,4.9,03:34:25,20:04:59,scattered clouds,"28/06/2026, 19:29:34"
Warsaw,11.58,11.29,84,1023,2.5,03:34:30,20:04:24,light rain,"29/06/2026, 02:34:23"
Warsaw,19.00,18.60,65,1024,2.4,03:34:30,20:04:24,thunderstorm,"29/06/2026, 20:49:26"
Warsaw,26.80,28.52,45,1009,2.3,03:34:37,20:03:47,scattered clouds,"30/06/2026, 17:17:09"
Warsaw,11.19,9.78,76,1017,4.7,03:34:47,20:03:07,light rain,"01/07/2026, 07:55:05"
Warsaw,18.06,17.77,83,1001,5.0,03:34:59,20:02:25,thunderstorm,"02/07/2026, 09:41:44"
Warsaw,21.99,21.79,59,1010,6.6,03:34:59,20:02:25,few clouds,"02/07/2026, 15:20:38"
Warsaw,25.33,28.49,46,1005,5.0,03:35:14,20:01:41,clear sky,"03/07/2026, 14:22:55"
Warsaw,14.93,14.10,61,1019,2.1,03:35:31,20:00:54,moderate rain,"04/07/2026, 08:06:07"
Warsaw,26.39,28.62,53,1009,5.2,03:35:31,20:00:54,light rain,"04/07/2026, 19:13:01"
Warsaw,23.38,24.65,77,1022,2.2,03:35:50,20:00:04,clear sky,"05/07/2026, 15:44:09"
Warsaw,22.98,22.51,69,1010,3.6,03:36:11,19:59:13,moderate rain,"06/07/2026, 10:06:03"
Warsaw,16.49,16.16,51,1016,0.6,03:36:11,19:59:13,light rain,"06/07/2026, 22:57:39"
Warsaw,14.87,14.17,66,993,2.5,03:37:01,19:57:22,thunderstorm,"08/07/2026, 04:13:19"
Warsaw,16.70,16.37,59,1007,4.7,03:37:01,19:57:22,thunderstorm,"08/07/2026, 12:44:43"
Warsaw,28.51,30.68,67,1026,3.3,03:37:29,19:56:23,thunderstorm,"09/07/2026, 14:10:12"
Warsaw,16.52,16.22,58,1013,3.1,03:37:59,19:55:22,scattered clouds,"10/07/2026, 09:50:45"
Warsaw,22.08,21.84,61,1018,2.5,03:38:32,19:54:18,thunderstorm,"11/07/2026, 06:22:05"
Warsaw,25.06,27.40,48,1010,4.1,03:38:32,19:54:18,few clouds,"11/07/2026, 15:29:11"
Warsaw,19.30,19.41,65,1003,5.9,03:39:07,19:53:12,moderate rain,"12/07/2026, 11:28:58"
Warsaw,16.67,17.19,91,1018,5.6,03:39:44,19:52:04,moderate rain,"13/07/2026, 05:17:15"
Warsaw,19.47,19.40,78,1009,4.4,03:39:44,19:52:04,clear sky,"13/07/2026, 18:04:53"
Warsaw,19.92,19.79,70,1013,6.7,03:40:24,19:50:54,scattered clouds,"14/07/2026, 21:35:31"
Warsaw,21.71,22.29,60,1001,2.7,03:41:05,19:49:41,thunderstorm,"15/07/2026, 05:44:31"
Warsaw,17.43,17.90,67,1017,5.6,03:41:49,19:48:26,few clouds,"16/07/2026, 02:16:13"
Warsaw,18.48,19.69,79,1011,4.2,03:42:35,19:47:09,clear sky,"17/07/2026, 01:49:35"
Warsaw,31.63,33.13,50,1024,4.5,03:42:35,19:47:09,few clouds,"17/07/2026, 13:07:38"
Warsaw,28.01,31.16,64,1027,4.2,03:43:24,19:45:50,few clouds,"18/07/2026, 00:45:57"
Warsaw,19.82,20.73,56,1022,6.1,03:44:14,19:44:29,clear sky,"19/07/2026, 07:06:03"
Warsaw,16.46,16.75,77,989,1.2,03:44:14,19:44:29,scattered clouds,"19/07/2026, 19:07:05"
Warsaw,19.84,20.85,68,1020,2.4,03:45:07,19:43:05,thunderstorm,"20/07/2026, 06:07:51"
Warsaw,24.29,26.33,51,1025,5.8,03:46:01,19:41:39,scattered clouds,"21/07/2026, 07:50:43"
Warsaw,25.39,27.96,56,1009,3.3,03:46:01,19:41:39,thunderstorm,"21/07/2026, 14:24:06"
Warsaw,21.13,20.47,65,1018,3.5,03:46:58,19:40:12,clear sky,"22/07/2026, 16:12:56"
Warsaw,20.45,20.09,66,1006,3.9,03:47:57,19:38:42,few clouds,"23/07/2026, 01:13:53"
Warsaw,22.44,22.36,72,1016,3.6,03:47:57,19:38:42,few clouds,"23/07/2026, 23:06:26"
Warsaw,21.70,21.91,74,1016,5.8,03:48:58,19:37:10,scattered clouds,"24/07/2026, 15:51:35"
Warsaw,25.89,27.56,56,1000,7.1,03:50:01,19:35:37,thunderstorm,"25/07/2026, 10:59:58"
Warsaw,22.24,22.61,52,1016,3.2,03:51:06,19:34:01,few clouds,"26/07/2026, 11:40:25"
Warsaw,16.66,17.39,79,1034,3.5,03:52:13,19:32:23,moderate rain,"27/07/2026, 00:24:16"
Warsaw,24.47,26.35,54,1009,0.5,03:52:13,19:32:23,moderate rain,"27/07/2026, 20:37:03"
Warsaw,18.03,18.50,57,1003,3.9,03:53:22,19:30:44,thunderstorm,"28/07/2026, 05:41:24"
Warsaw,20.67,20.14,75,1029,2.3,03:54:33,19:29:02,moderate rain,"29/07/2026, 10:58:40"
Warsaw,18.44,17.65,58,1008,3.7,03:55:46,19:27:19,few clouds,"30/07/2026, 03:22:19"
Warsaw,21.25,20.99,67,998,4.8,03:55:46,19:27:19,light rain,"30/07/2026, 23:17:24"
Warsaw,17.18,17.20,69,1011,1.2,03:57:01,19:25:34,clear sky,"31/07/2026, 12:09:51"
Warsaw,25.73,28.32,59,1023,3.4,03:57:01,19:25:34,light rain,"31/07/2026, 20:33:18"
Warsaw,17.45,17.75,51,1013,1.9,03:58:18,19:23:47,scattered clouds,"01/08/2026, 21:46:38"
Warsaw,19.49,19.76,60,1009,4.6,03:59:37,19:21:58,scattered clouds,"02/08/2026, 09:36:41"
Warsaw,18.14,18.20,72,1004,1.9,04:00:58,19:20:08,scattered clouds,"03/08/2026, 04:35:53"
Warsaw,16.59,16.04,62,1003,5.7,04:00:58,19:20:08,moderate rain,"03/08/2026, 21:38:09"
Warsaw,23.16,21.57,47,1011,4.7,04:02:20,19:18:16,light rain,"04/08/2026, 17:18:40"
Warsaw,30.01,32.90,43,1017,6.2,04:03:45,19:16:22,clear sky,"05/08/2026, 19:21:22"
Warsaw,15.10,15.96,74,999,2.4,04:05:11,19:14:27,light rain,"06/08/2026, 01:17:41"
Warsaw,14.12,13.47,55,996,3.8,04:06:39,19:12:30,light rain,"07/08/2026, 05:57:36"
Warsaw,23.41,24.52,64,994,3.6,04:06:39,19:12:30,moderate rain,"07/08/2026, 10:11:38"
Warsaw,27.61,28.43,33,1007,4.3,04:08:09,19:10:32,scattered clouds,"08/08/2026, 16:16:22"
Warsaw,24.48,27.22,59,1015,1.3,04:08:09,19:10:32,scattered clouds,"08/08/2026, 23:26:34"
Warsaw,14.26,14.05,85,1015,5.8,04:09:40,19:08:31,moderate rain,"09/08/2026, 21:06:17"
Warsaw,25.24,28.18,57,1016,0.6,04:11:13,19:06:30,few clouds,"10/08/2026, 09:19:46"
Warsaw,24.19,25.92,50,1004,3.9,04:12:48,19:04:27,light rain,"11/08/2026, 02:05:31"
Warsaw,23.80,24.70,62,1010,1.2,04:14:24,19:02:23,thunderstorm,"12/08/2026, 10:48:31"
Warsaw,21.67,21.99,51,1018,1.9,04:14:24,19:02:23,light rain,"12/08/2026, 18:44:29"
Warsaw,23.26,22.78,48,1010,1.9,04:16:02,19:00:17,light rain,"13/08/2026, 10:48:29"
Warsaw,23.13,23.69,83,1019,5.1,04:17:42,18:58:10,few clouds,"14/08/2026, 08:46:56"
Warsaw,22.05,22.48,64,1002,2.0,04:19:23,18:56:02,light rain,"15/08/2026, 04:55:54"
Warsaw,21.53,21.96,51,1001,4.5,04:19:23,18:56:02,moderate rain,"15/08/2026, 23:44:32"
Warsaw,20.62,20.85,33,1030,1.3,04:21:06,18:53:52,few clouds,"16/08/2026, 07:14:52"
Warsaw,29.54,31.90,52,1022,2.7,04:22:50,18:51:41,thunderstorm,"17/08/2026, 12:48:23"
Warsaw,25.79,28.16,66,1001,0.2,04:22:50,18:51:41,thunderstorm,"17/08/2026, 14:47:13"
Warsaw,15.87,15.77,74,1012,3.3,04:24:36,18:49:29,few clouds,"18/08/2026, 08:50:06"
Warsaw,22.62,22.91,62,1017,3.8,04:26:23,18:47:16,moderate rain,"19/08/2026, 17:48:29"
Warsaw,16.76,16.23,72,1009,4.3,04:28:11,18:45:02,clear sky,"20/08/2026, 08:27:22"
Warsaw,23.03,22.85,56,1030,0.3,04:28:11,18:45:02,thunderstorm,"20/08/2026, 22:28:14"
Warsaw,32.09,33.49,42,1007,5.0,04:30:01,18:42:46,light rain,"21/08/2026, 14:01:50"
Warsaw,12.12,12.49,65,1012,6.4,04:31:52,18:40:30,thunderstorm,"22/08/2026, 05:46:55"
Warsaw,24.10,25.74,47,1013,4.2,04:33:45,18:38:12,thunderstorm,"23/08/2026, 08:28:47"
Warsaw,24.67,26.02,40,1019,3.7,04:33:45,18:38:12,scattered clouds,"23/08/2026, 15:47:06"
Warsaw,22.60,22.66,67,1015,3.6,04:35:38,18:35:54,moderate rain,"24/08/2026, 08:52:53"
Warsaw,24.95,27.60,60,1015,4.9,04:37:33,18:33:35,light rain,"25/08/2026, 12:45:53"
Warsaw,14.66,13.62,52,1004,5.0,04:37:33,18:33:35,clear sky,"25/08/2026, 20:41:24"
Warsaw,23.22,23.51,55,1019,4.9,04:39:30,18:31:15,scattered clouds,"26/08/2026, 22:35:42"
Warsaw,14.70,15.08,75,1015,3.7,04:41:27,18:28:54,light rain,"27/08/2026, 08:16:26"
Warsaw,26.14,28.50,63,1002,2.8,04:43:25,18:26:32,clear sky,"28/08/2026, 11:30:14"
Warsaw,22.69,23.07,61,1016,4.3,04:43:25,18:26:32,light rain,"28/08/2026, 16:05:05"
Warsaw,17.99,17.86,62,1017,5.8,04:45:25,18:24:10,few clouds,"29/08/2026, 19:28:08"
Warsaw,24.22,25.46,47,1011,6.5,04:47:25,18:21:47,clear sky,"30/08/2026, 17:00:37"
Warsaw,9.37,8.02,64,1022,4.3,04:49:27,18:19:23,moderate rain,"31/08/2026, 03:07:22"
Warsaw,21.42,21.52,65,1022,0.4,04:49:27,18:19:23,clear sky,"31/08/2026, 15:34:36"
Warsaw,18.39,19.26,62,1000,4.3,04:51:30,18:16:58,overcast clouds,"01/09/2026, 10:56:16"
Warsaw,7.51,7.91,84,1007,0.2,04:53:33,18:14:33,moderate rain,"02/09/2026, 04:17:23"
Warsaw,11.27,9.43,71,1014,6.3,04:53:33,18:14:33,mist,"02/09/2026, 21:19:34"
Warsaw,25.88,27.60,43,1020,5.5,04:55:38,18:12:08,moderate rain,"03/09/2026, 21:59:26"
Warsaw,18.12,17.14,48,1004,3.3,04:57:43,18:09:42,broken clouds,"04/09/2026, 07:11:36"
Warsaw,16.56,15.73,57,1005,2.3,04:57:43,18:09:42,mist,"04/09/2026, 22:50:47"
Warsaw,17.06,16.80,58,1017,3.8,04:59:49,18:07:16,light rain,"05/09/2026, 18:35:45"
Warsaw,20.54,19.96,34,993,5.0,05:01:56,18:04:49,light rain,"06/09/2026, 11:46:17"
Warsaw,29.06,31.84,78,1013,4.3,05:04:04,18:02:22,overcast clouds,"07/09/2026, 09:25:22"
Warsaw,14.54,13.54,67,998,2.0,05:06:13,17:59:54,overcast clouds,"08/09/2026, 03:48:36"
Warsaw,9.97,9.57,65,1016,2.5,05:06:13,17:59:54,overcast clouds,"08/09/2026, 23:36:12"
Warsaw,13.11,13.09,76,1023,4.8,05:08:22,17:57:26,light rain,"09/09/2026, 09:46:34"
Warsaw,20.85,20.82,68,1017,5.2,05:10:32,17:54:59,broken clouds,"10/09/2026, 13:59:57"
Warsaw,22.02,21.57,54,1018,6.3,05:10:32,17:54:59,light rain,"10/09/2026, 21:54:50"
Warsaw,22.96,23.99,60,1020,1.7,05:12:42,17:52:30,moderate rain,"11/09/2026, 14:16:43"
Warsaw,9.61,8.08,66,1026,1.4,05:14:53,17:50:02,overcast clouds,"12/09/2026, 12:58:39"
Warsaw,7.46,7.42,72,1013,3.2,05:17:05,17:47:34,moderate rain,"13/09/2026, 02:20:59"
Warsaw,15.20,13.82,81,1008,4.2,05:17:05,17:47:34,overcast clouds,"13/09/2026, 20:20:13"
Warsaw,8.58,7.69,92,1025,4.2,05:19:17,17:45:05,moderate rain,"14/09/2026, 21:34:32"
Warsaw,20.77,21.52,58,1024,4.3,05:21:29,17:42:37,light rain,"15/09/2026, 15:44:03"
Warsaw,20.90,21.46,64,1022,3.2,05:21:29,17:42:37,mist,"15/09/2026, 22:45:42"
Warsaw,18.29,18.23,72,1024,5.3,05:23:42,17:40:09,overcast clouds,"16/09/2026, 14:51:45"
Warsaw,13.30,13.68,76,1034,0.2,05:25:56,17:37:40,overcast clouds,"17/09/2026, 08:39:44"
Warsaw,13.02,13.28,72,1013,6.1,05:28:09,17:35:12,mist,"18/09/2026, 04:59:52"
Warsaw,14.16,14.88,74,1009,4.5,05:28:09,17:35:12,moderate rain,"18/09/2026, 22:58:55"
Warsaw,12.94,12.34,78,1025,2.4,05:30:23,17:32:44,overcast clouds,"19/09/2026, 22:20:40"
Warsaw,10.87,9.70,70,1017,6.2,05:32:37,17:30:16,light rain,"20/09/2026, 12:53:04"
Warsaw,14.05,14.62,63,1019,5.0,05:34:52,17:27:49,mist,"21/09/2026, 01:30:57"
Warsaw,14.70,14.49,54,1022,4.9,05:34:52,17:27:49,light rain,"21/09/2026, 20:36:51"
Warsaw,9.22,8.22,68,1017,1.7,05:39:21,17:22:55,broken clouds,"23/09/2026, 00:39:41"
Warsaw,11.71,9.93,73,1018,6.8,05:39:21,17:22:55,light rain,"23/09/2026, 08:38:03"
Warsaw,12.05,12.07,66,1012,5.7,05:41:36,17:20:29,broken clouds,"24/09/2026, 13:24:25"
Warsaw,7.03,5.37,68,996,2.4,05:43:51,17:18:03,light rain,"25/09/2026, 01:00:11"
Warsaw,5.31,3.69,71,1029,5.2,05:43:51,17:18:03,broken clouds,"25/09/2026, 10:41:41"
Warsaw,16.82,16.59,61,1012,2.6,05:46:06,17:15:37,broken clouds,"26/09/2026, 18:49:51"
Warsaw,8.58,7.15,83,1029,3.9,05:48:21,17:13:12,light rain,"27/09/2026, 05:02:51"
Warsaw,5.46,3.69,71,1025,3.4,05:50:36,17:10:48,light rain,"28/09/2026, 03:30:54"
Warsaw,16.58,16.47,38,1013,1.6,05:50:36,17:10:48,mist,"28/09/2026, 18:41:53"
Warsaw,4.13,2.16,76,1017,4.6,05:52:51,17:08:24,overcast clouds,"29/09/2026, 05:03:57"
Warsaw,11.25,11.21,66,1005,3.6,05:55:05,17:06:01,overcast clouds,"30/09/2026, 07:59:26"
Warsaw,9.44,8.51,61,1006,2.3,05:55:05,17:06:01,broken clouds,"30/09/2026, 19:19:02"
Warsaw,7.64,7.19,83,1010,3.4,05:57:20,17:03:38,broken clouds,"01/10/2026, 22:01:58"
Warsaw,6.19,4.57,65,1018,4.4,05:59:34,17:01:16,broken clouds,"02/10/2026, 09:04:06"
Warsaw,12.44,12.10,73,1011,1.8,06:01:48,16:58:55,moderate rain,"03/10/2026, 01:20:42"
Warsaw,9.15,7.83,73,1001,4.5,06:01:48,16:58:55,overcast clouds,"03/10/2026, 23:11:17"
Warsaw,11.55,9.55,61,1011,5.9,06:04:01,16:56:35,broken clouds,"04/10/2026, 05:46:09"
Warsaw,7.04,7.67,78,1001,3.3,06:06:15,16:54:16,moderate rain,"05/10/2026, 02:12:44"
Warsaw,13.40,13.92,62,1009,6.9,06:06:15,16:54:16,overcast clouds,"05/10/2026, 21:56:15"
Warsaw,9.53,7.62,59,1026,3.4,06:08:28,16:51:58,broken clouds,"06/10/2026, 23:06:48"
Warsaw,9.85,9.30,82,1004,3.8,06:10:40,16:49:40,broken clouds,"07/10/2026, 05:01:32"
Warsaw,10.38,9.67,88,1015,0.4,06:12:52,16:47:24,overcast clouds,"08/10/2026, 06:22:01"
Warsaw,6.14,4.60,80,1005,6.0,06:15:04,16:45:08,broken clouds,"09/10/2026, 00:30:40"
Warsaw,13.49,13.41,61,1005,3.3,06:15:04,16:45:08,mist,"09/10/2026, 18:49:27"
Warsaw,9.66,9.46,90,1005,1.0,06:17:15,16:42:54,broken clouds,"10/10/2026, 10:02:57"
Warsaw,3.72,3.10,93,1006,3.8,06:19:25,16:40:41,mist,"11/10/2026, 03:26:28"
Warsaw,10.24,8.20,64,1007,5.6,06:19:25,16:40:41,broken clouds,"11/10/2026, 12:26:24"
Warsaw,13.23,13.15,65,1010,1.3,06:21:35,16:38:28,overcast clouds,"12/10/2026, 17:50:00"
Warsaw,15.51,16.43,66,1009,4.7,06:23:45,16:36:18,light rain,"13/10/2026, 12:11:50"
Warsaw,11.94,10.74,73,1013,3.4,06:23:45,16:36:18,broken clouds,"13/10/2026, 16:05:21"
Warsaw,11.52,10.92,70,1014,5.1,06:25:53,16:34:08,light rain,"14/10/2026, 10:17:46"
Warsaw,12.38,12.56,57,1035,2.8,06:28:01,16:31:59,overcast clouds,"15/10/2026, 12:28:28"
Warsaw,2.38,1.63,77,1009,4.6,06:30:08,16:29:52,overcast clouds,"16/10/2026, 09:00:12"
Warsaw,4.05,3.11,72,1012,4.7,06:30:08,16:29:52,broken clouds,"16/10/2026, 22:36:19"
Warsaw,2.83,1.34,84,1014,4.3,06:32:14,16:27:46,overcast clouds,"17/10/2026, 10:39:30"
Warsaw,13.71,13.77,69,1001,5.5,06:34:19,16:25:42,overcast clouds,"18/10/2026, 10:33:25"
Warsaw,8.19,7.62,77,1005,4.4,06:34:19,16:25:42,moderate rain,"18/10/2026, 21:43:08"
Warsaw,2.36,0.77,73,1017,3.8,06:36:24,16:23:39,moderate rain,"19/10/2026, 21:01:43"
Warsaw,13.66,13.21,86,998,3.5,06:38:28,16:21:37,overcast clouds,"20/10/2026, 19:37:53"
Warsaw,8.52,8.04,85,1022,3.3,06:40:30,16:19:37,light rain,"21/10/2026, 06:38:25"
Warsaw,7.35,7.22,62,1030,2.4,06:40:30,16:19:37,moderate rain,"21/10/2026, 19:11:15"
Warsaw,-1.76,-2.32,75,1010,3.6,06:42:32,16:17:39,mist,"22/10/2026, 20:42:16"
Warsaw,-6.51,-7.48,85,1018,5.1,06:44:33,16:15:41,broken clouds,"23/10/2026, 07:28:00"
Warsaw,8.34,7.72,61,1017,2.6,06:46:32,16:13:46,overcast clouds,"24/10/2026, 06:18:34"
Warsaw,-3.09,-3.92,87,1013,3.6,06:48:31,16:11:52,snow,"25/10/2026, 00:20:26"
Warsaw,1.50,1.32,73,1012,0.2,06:48:31,16:11:52,broken clouds,"25/10/2026, 17:11:37"
Warsaw,5.85,5.22,78,1002,3.0,06:50:28,16:10:00,broken clouds,"26/10/2026, 17:32:31"
Warsaw,16.41,16.18,59,1020,2.1,06:52:24,16:08:10,broken clouds,"27/10/2026, 12:00:28"
Warsaw,9.25,8.44,49,1029,1.5,06:52:24,16:08:10,overcast clouds,"27/10/2026, 19:35:20"
Warsaw,5.39,4.69,77,1005,3.1,06:54:19,16:06:21,light rain,"28/10/2026, 14:50:50"
Warsaw,-4.03,-4.11,61,998,2.8,06:56:13,16:04:34,light snow,"29/10/2026, 10:59:19"
Warsaw,1.56,0.90,81,1029,4.6,06:56:13,16:04:34,moderate rain,"29/10/2026, 22:30:13"
Warsaw,3.04,1.95,74,1026,6.4,06:58:05,16:02:49,mist,"30/10/2026, 13:43:41"
Warsaw,2.84,3.13,67,1007,1.6,06:59:57,16:01:05,broken clouds,"31/10/2026, 11:29:30"
Warsaw,4.37,4.09,83,1014,3.5,07:01:46,15:59:24,broken clouds,"01/11/2026, 07:38:43"
Warsaw,3.44,3.26,71,1010,1.2,07:03:35,15:57:44,overcast clouds,"02/11/2026, 04:08:00"
Warsaw,7.83,8.02,61,1018,1.6,07:03:35,15:57:44,light rain,"02/11/2026, 14:30:52"
Warsaw,9.21,8.76,75,1016,3.1,07:05:22,15:56:06,mist,"03/11/2026, 12:03:16"
Warsaw,-4.86,-5.31,87,1023,4.6,07:05:22,15:56:06,snow,"03/11/2026, 22:41:50"
Warsaw,-5.63,-6.75,80,1001,3.7,07:07:08,15:54:30,broken clouds,"04/11/2026, 23:14:48"
Warsaw,8.99,7.81,77,1026,3.7,07:08:52,15:52:56,overcast clouds,"05/11/2026, 14:06:08"
Warsaw,9.84,9.16,62,1012,3.7,07:10:35,15:51:24,broken clouds,"06/11/2026, 12:04:54"
Warsaw,0.88,-0.97,82,1019,8.0,07:10:35,15:51:24,light rain,"06/11/2026, 19:29:43"
Warsaw,3.89,1.92,79,1000,2.9,07:12:16,15:49:55,moderate rain,"07/11/2026, 21:16:07"
Warsaw,4.31,3.10,96,1006,2.8,07:13:55,15:48:27,moderate rain,"08/11/2026, 10:42:16"
Warsaw,5.13,4.24,77,1017,4.7,07:15:34,15:47:01,moderate rain,"09/11/2026, 11:05:47"
Warsaw,6.37,4.38,75,1020,4.8,07:17:10,15:45:37,broken clouds,"10/11/2026, 03:12:47"
Warsaw,6.35,5.44,64,1025,3.9,07:17:10,15:45:37,light rain,"10/11/2026, 18:45:33"
Warsaw,10.07,8.55,65,1019,4.4,07:18:45,15:44:16,moderate rain,"11/11/2026, 13:10:26"
Warsaw,0.14,0.57,98,1007,2.3,07:18:45,15:44:16,light rain,"11/11/2026, 22:47:59"
Warsaw,4.23,2.85,62,1019,3.7,07:20:18,15:42:56,light rain,"12/11/2026, 18:33:39"
Warsaw,1.42,1.37,57,1028,2.7,07:23:19,15:40:24,light rain,"14/11/2026, 01:55:20"
Warsaw,3.55,2.54,74,1016,2.4,07:23:19,15:40:24,mist,"14/11/2026, 04:45:20"
Warsaw,5.81,5.62,73,1020,2.2,07:24:47,15:39:11,overcast clouds,"15/11/2026, 12:34:06"
Warsaw,-3.06,-4.31,81,1005,3.4,07:26:13,15:38:01,broken clouds,"16/11/2026, 04:59:00"
Warsaw,-0.45,-1.56,82,1022,3.9,07:26:13,15:38:01,snow,"16/11/2026, 10:31:12"
Warsaw,3.36,2.62,78,1015,1.3,07:27:38,15:36:53,broken clouds,"17/11/2026, 11:54:52"
Warsaw,12.37,13.14,80,1017,1.0,07:27:38,15:36:53,moderate rain,"17/11/2026, 19:33:10"
Warsaw,-3.95,-4.19,81,1014,5.4,07:29:00,15:35:47,mist,"18/11/2026, 21:31:09"
Warsaw,2.76,1.24,75,1013,5.0,07:30:21,15:34:43,overcast clouds,"19/11/2026, 10:42:12"
Warsaw,0.03,-0.72,93,1019,5.1,07:31:40,15:33:41,moderate rain,"20/11/2026, 04:14:45"
Warsaw,-5.05,-7.86,77,1010,5.2,07:32:57,15:32:42,mist,"21/11/2026, 00:35:57"
Warsaw,-5.41,-5.59,62,1009,4.7,07:34:12,15:31:46,overcast clouds,"22/11/2026, 01:27:47"
Warsaw,4.85,3.97,84,1001,4.9,07:34:12,15:31:46,moderate rain,"22/11/2026, 11:57:44"
Warsaw,-4.62,-5.94,88,1020,4.8,07:35:25,15:30:51,mist,"23/11/2026, 05:42:26"
Warsaw,2.27,0.92,68,1023,4.0,07:36:36,15:29:59,overcast clouds,"24/11/2026, 06:36:26"
Warsaw,1.86,0.85,68,1024,6.7,07:36:36,15:29:59,mist,"24/11/2026, 08:52:07"
Warsaw,3.43,3.38,70,1013,4.9,07:37:45,15:29:10,broken clouds,"25/11/2026, 10:06:02"
Warsaw,-4.21,-6.52,84,1014,5.0,07:38:53,15:28:23,overcast clouds,"26/11/2026, 01:59:34"
Warsaw,-7.67,-8.61,93,1010,2.6,07:39:58,15:27:38,mist,"27/11/2026, 04:37:09"
Warsaw,-1.53,-1.84,85,1013,2.8,07:39:58,15:27:38,overcast clouds,"27/11/2026, 09:55:38"
Warsaw,-0.05,-2.10,78,1014,4.5,07:41:01,15:26:55,mist,"28/11/2026, 09:52:40"
Warsaw,1.41,0.54,87,998,4.6,07:42:02,15:26:16,mist,"29/11/2026, 07:39:30"
Warsaw,6.54,6.14,67,1024,2.3,07:42:02,15:26:16,mist,"29/11/2026, 17:55:48"
Warsaw,-0.87,-1.66,71,1034,2.5,07:43:01,15:25:38,broken clouds,"30/11/2026, 11:01:54"
Warsaw,-6.25,-5.66,98,1026,2.4,07:43:58,15:25:03,overcast clouds,"01/12/2026, 14:24:53"
Warsaw,-2.01,-1.81,96,995,0.9,07:43:58,15:25:03,broken clouds,"01/12/2026, 22:11:32"
Warsaw,-11.35,-10.68,86,1014,2.9,07:44:52,15:24:31,broken clouds,"02/12/2026, 20:52:44"
Warsaw,-1.49,-1.85,71,998,1.7,07:45:45,15:24:01,overcast clouds,"03/12/2026, 12:16:57"
Warsaw,-6.63,-7.32,90,1008,2.7,07:46:35,15:23:34,light snow,"04/12/2026, 06:21:01"
Warsaw,-11.40,-12.75,87,1003,2.8,07:47:24,15:23:09,broken clouds,"05/12/2026, 03:41:42"
Warsaw,4.67,3.88,69,993,2.5,07:47:24,15:23:09,scattered clouds,"05/12/2026, 16:11:13"
Warsaw,0.39,-0.68,93,1014,4.7,07:48:10,15:22:46,scattered clouds,"06/12/2026, 04:20:50"
Warsaw,3.84,3.03,78,1009,1.5,07:48:54,15:22:27,snow,"07/12/2026, 10:14:38"
Warsaw,-2.85,-4.46,75,1019,3.2,07:49:35,15:22:09,light snow,"08/12/2026, 01:33:07"
Warsaw,2.66,-0.94,67,1031,7.5,07:49:35,15:22:09,mist,"08/12/2026, 07:02:58"
Warsaw,-9.54,-9.80,98,1018,1.3,07:50:15,15:21:55,snow,"09/12/2026, 08:08:20"
Warsaw,-2.34,-2.44,98,1011,2.1,07:50:15,15:21:55,broken clouds,"09/12/2026, 23:55:41"
Warsaw,-0.17,-1.65,80,1008,5.5,07:50:52,15:21:42,snow,"10/12/2026, 15:26:32"
Warsaw,-6.43,-8.86,75,1010,7.2,07:51:27,15:21:33,light snow,"11/12/2026, 10:05:20"
Warsaw,-2.73,-4.00,94,1001,6.0,07:52:00,15:21:26,scattered clouds,"12/12/2026, 04:28:09"
Warsaw,1.59,0.22,88,1010,5.1,07:52:00,15:21:26,snow,"12/12/2026, 16:36:43"
Warsaw,-2.61,-3.64,81,1014,4.3,07:52:59,15:21:19,broken clouds,"14/12/2026, 00:40:42"
Warsaw,-4.64,-4.08,84,1025,1.6,07:52:59,15:21:19,overcast clouds,"14/12/2026, 14:18:31"
Warsaw,-2.75,-3.34,89,1020,3.8,07:52:59,15:21:19,snow,"14/12/2026, 21:04:54"
Warsaw,-14.31,-15.52,98,1016,4.3,07:53:49,15:21:23,overcast clouds,"16/12/2026, 03:20:59"
Warsaw,-6.97,-8.44,83,1023,4.2,07:53:49,15:21:23,overcast clouds,"16/12/2026, 20:25:05"
Warsaw,-4.20,-4.85,74,1014,3.6,07:54:10,15:21:28,snow,"17/12/2026, 08:25:09"
Warsaw,-0.91,-1.78,98,1019,4.4,07:54:29,15:21:37,light snow,"18/12/2026, 11:16:14"
Warsaw,3.35,1.45,75,1003,4.7,07:54:29,15:21:37,light snow,"18/12/2026, 21:39:21"
Warsaw,-5.26,-5.29,65,1019,0.6,07:54:46,15:21:47,mist,"19/12/2026, 07:09:29"
Warsaw,-5.01,-5.07,82,1008,0.5,07:55:00,15:22:01,snow,"20/12/2026, 10:30:57"
Warsaw,-1.84,-2.43,90,1009,4.3,07:55:00,15:22:01,snow,"20/12/2026, 20:58:10"
Warsaw,-8.45,-9.26,84,1018,2.7,07:55:13,15:22:16,overcast clouds,"21/12/2026, 11:54:10"
Warsaw,-8.53,-10.19,71,1018,5.3,07:55:23,15:22:35,snow,"22/12/2026, 15:36:16"
Warsaw,-4.23,-4.39,85,1014,0.2,07:55:30,15:22:56,overcast clouds,"23/12/2026, 04:48:31"
Warsaw,1.75,1.53,78,1006,0.7,07:55:30,15:22:56,scattered clouds,"23/12/2026, 19:12:38"
Warsaw,-4.95,-6.45,89,1017,5.7,07:55:35,15:23:19,overcast clouds,"24/12/2026, 23:44:01"
Warsaw,2.42,-0.34,70,1027,5.4,07:55:38,15:23:45,scattered clouds,"25/12/2026, 12:56:13"
Warsaw,1.05,0.62,90,1018,3.6,07:55:38,15:23:45,scattered clouds,"25/12/2026, 21:25:36"
Warsaw,-7.61,-8.07,98,1012,5.6,07:55:37,15:24:45,light snow,"27/12/2026, 02:46:40"
Warsaw,-1.28,-2.32,67,1030,1.9,07:55:37,15:24:45,broken clouds,"27/12/2026, 19:59:43"
Warsaw,4.10,2.34,88,1011,2.5,07:55:33,15:25:18,snow,"28/12/2026, 11:10:11"
Warsaw,-8.00,-8.89,61,1006,4.4,07:55:27,15:25:54,scattered clouds,"29/12/2026, 09:29:48"
Warsaw,-3.90,-4.70,71,1014,2.5,07:55:27,15:25:54,mist,"29/12/2026, 15:36:24"
Warsaw,4.72,3.54,88,1004,4.9,07:55:18,15:26:32,scattered clouds,"30/12/2026, 13:49:20"
Warsaw,1.20,0.66,69,1015,4.8,07:55:07,15:27:13,broken clouds,"31/12/2026, 09:34:02"
Warsaw,-6.98,-8.03,62,1014,5.6,07:55:07,15:27:13,scattered clouds,"31/12/2026, 23:59:59"
